id,nombre,horasTrabajadas,sueldo
1001,Nikolai,1000,2000
1000,Saleem,60,2000
999,Tamarra,60,1500
998,Jaye,75,2500
997,De witt,88,1200
996,Atalanta,90,3700
995,Maxi,325,1800
994,Raquela,180,1200
993,Angelia,60,5000
992,Trenna,90,1000
991,Zaccaria,88,3300
990,Chiarra,325,1800
989,Wandie,60,2500
988,Dawn,180,3700
987,Mohammed,220,4200
986,Ferd,88,2500
985,Erna,325,3300
984,Pebrook,60,3300
983,Josi,120,1200
982,Sharai,75,1000
981,Genevieve,180,2000
980,Brana,60,1000
979,Libbey,120,4200
978,Warner,90,3000
977,Wenonah,325,1200
976,Arlina,325,3300
975,Aleksandr,88,4200
974,Herrick,75,3000
973,Guglielma,120,1500
972,Sloan,325,4200
971,Mercedes,180,1200
970,Noach,325,1200
969,Charlie,325,5000
968,Berenice,325,1000
967,Esme,120,3700
966,Karon,88,1000
965,Kirstin,180,1200
964,Ansley,75,3700
963,Arley,120,3300
962,Burty,60,1200
961,Ginnie,180,1500
960,Zitella,120,4200
959,Shaughn,90,1500
958,Trista,75,5000
957,Floyd,75,1500
956,Sioux,120,1200
955,Delila,325,2000
954,Laetitia,90,3300
953,Lacey,75,5000
952,Edwina,75,4200
951,Wake,220,2500
950,Lonna,120,1000
949,Clerissa,120,1500
948,Agustin,75,2500
947,Martyn,180,2500
946,Kimberley,325,1800
945,Cherice,220,1500
944,Isabeau,88,3700
943,Loria,180,2500
942,Vernen,120,1800
941,Nina,120,2500
940,Josefina,90,3000
939,Verina,75,3700
938,Arabel,180,5000
937,Randy,120,1500
936,Carolina,88,3300
935,Jillane,90,3700
934,Dorette,120,3700
933,Gui,325,2000
932,Debby,180,1800
931,Callie,75,1000
930,Emory,325,3700
929,Melody,60,2000
928,Hayden,180,3000
927,Robinia,120,1000
926,Abbie,90,1800
925,Wittie,90,3700
924,Orlan,60,2500
923,Ezekiel,75,2000
922,Wenda,90,1200
921,Odie,90,2000
920,Gretna,220,4200
919,Calypso,90,1200
918,Alysia,325,3700
917,Luis,60,1200
916,Saunder,180,3700
915,Tyrone,180,1500
914,Curry,88,2000
913,Anetta,60,1000
912,Oren,120,2000
911,Maurie,180,5000
910,Atlante,120,3300
909,Leo,88,4200
908,Brittany,180,1800
907,Tabb,325,5000
906,Lynn,325,3700
905,Freda,60,4200
904,Josiah,325,1200
903,Judas,120,1000
902,Coral,120,1800
901,Shaughn,180,5000
900,Riccardo,90,4200
899,Martelle,120,1500
898,Ki,220,3000
897,Gabriell,120,1000
896,Oberon,88,1500
895,Frasquito,90,1500
894,Gabbie,220,4200
893,Annamarie,120,2000
892,Devland,60,1000
891,Conant,75,3700
890,Madel,180,1200
889,Flo,325,4200
888,Katlin,88,2500
887,Guillermo,75,4200
886,Bailey,88,3000
885,Jan,90,1800
884,Lona,220,3000
883,Callida,88,3300
882,Rina,75,2500
881,Kenna,120,2500
880,Josi,120,1800
879,Barbey,325,1200
878,Ralf,120,1200
877,Mac,60,2500
876,Cecil,75,3700
875,Saw,60,1500
874,Estella,325,2000
873,Thomasa,90,1800
872,Madonna,120,1000
871,Phelia,60,3300
870,Pearla,220,3300
869,Malory,220,4200
868,Trumaine,88,4200
867,Emmanuel,220,3000
866,Rubi,60,1800
865,Devonna,60,1800
864,Alonzo,325,1200
863,Cherish,90,4200
862,Holden,180,5000
861,Pietrek,325,2500
860,Fair,60,3700
859,Abramo,325,3700
858,Ophelie,120,3700
857,Devlen,120,3700
856,Henrieta,180,3000
855,Vassili,120,3300
854,Levon,120,2500
853,Eve,180,1200
852,Giacopo,90,1800
851,Sidoney,220,2000
850,Amanda,325,3700
849,Gibb,180,2000
848,Rasia,60,3700
847,Estella,220,4200
846,Brendin,120,1000
845,Yardley,60,5000
844,Bella,88,1800
843,Grant,220,3300
842,Irv,120,1500
841,Shelley,60,1500
840,Wadsworth,325,3000
839,Oralia,325,1000
838,Hashim,88,5000
837,Corrina,75,5000
836,Keene,60,2500
835,Adelle,60,1000
834,Chad,75,1500
833,Oby,325,1200
832,Olivier,325,2000
831,Christina,60,3700
830,Cale,60,5000
829,Conan,180,2000
828,Norbert,90,2000
827,Angeli,90,2000
826,Yetta,120,2500
825,Andrei,325,1000
824,Mercie,90,4200
823,Tania,325,4200
822,Jefferey,75,1000
821,Trevor,180,1000
820,Mag,88,1200
819,Roch,220,3300
818,Hyatt,220,2000
817,Cynthia,88,2500
816,Michele,88,4200
815,Lefty,220,5000
814,Obadiah,60,1200
813,Agnes,88,4200
812,Maxy,60,1500
811,Susi,60,1800
810,Efrem,325,2000
809,Obadias,220,1000
808,Emanuel,75,3000
807,Wini,88,3700
806,Almira,220,4200
805,Fred,88,2500
804,Earle,90,3000
803,Lazaro,220,1000
802,Sheilah,180,4200
801,Janine,60,5000
800,Daffi,90,1200
799,Emmaline,88,3700
798,Yelena,180,5000
797,Diahann,88,3300
796,Hersh,180,3300
795,Lorianna,60,1500
794,Harv,325,4200
793,Grayce,325,3300
792,Jermayne,75,3300
791,Ki,60,4200
790,Noll,120,3000
789,Florella,220,2500
788,Adelaida,180,3700
787,Fayre,120,1800
786,Edan,60,5000
785,Francine,120,4200
784,Marianne,60,3300
783,Crosby,60,1200
782,Laughton,325,1500
781,Felike,75,3300
780,Tootsie,88,2500
779,Melva,120,4200
778,Ingmar,75,1800
777,Ree,90,4200
776,Letta,220,1000
775,Wilie,90,3000
774,Barde,88,1800
773,Juliana,180,5000
772,Alica,60,3700
771,Portia,60,3300
770,Barbey,325,2000
769,Egan,325,1000
768,Blakeley,325,1800
767,Brynne,325,1800
766,Toby,88,2000
765,Jenny,180,3300
764,Roslyn,180,1000
763,Davidson,75,3700
762,Lucienne,75,2500
761,Galvan,120,3300
760,Sidonia,120,1000
759,Nanete,90,3700
758,Boycie,88,1800
757,Kerianne,220,3700
756,Kaitlynn,88,1500
755,Dorian,325,1500
754,Amber,325,4200
753,Andrej,88,5000
752,Arch,180,3300
751,Jude,180,1200
750,Zsa zsa,180,2000
749,Carola,325,1000
748,Mitchael,90,3300
747,Graehme,90,1800
746,Rosemarie,75,1000
745,Gordon,325,1200
744,Melonie,90,3300
743,Pancho,88,1800
742,Silvano,220,1200
741,Carleton,75,1500
740,Chen,325,3700
739,Winnifred,75,1000
738,Silvie,120,1200
737,Keith,180,2000
736,Arvie,325,1500
735,Kaia,180,2500
734,Silas,180,2000
733,Evvy,75,4200
732,Enrica,325,1800
731,Cassandry,60,3300
730,Emmet,90,3700
729,Osbert,75,3300
728,Klara,180,5000
727,Rickie,220,4200
726,Jonathon,220,5000
725,Cristina,90,1500
724,Zia,75,4200
723,Darlene,180,4200
722,Joannes,325,1000
721,Riobard,180,4200
720,Jennie,88,4200
719,Kamila,88,4200
718,Fina,220,4200
717,Hyacinthia90,90,2500
716,Elita,90,1800
715,Lucky,325,4200
714,Jerrylee,180,1000
713,Roslyn,120,2500
712,Matelda,120,1800
711,Cinda,120,4200
710,Nikolaus,88,3000
709,Hagan,120,5000
708,Merle,325,1000
707,Petronille75,75,4200
706,Lia,120,2000
705,Ariella,60,1200
704,Pauly,120,3000
703,Alverta,90,2500
702,Rikki,90,1200
701,Tedra,90,3300
700,Abbot,90,3300
699,Evelyn,75,1000
698,Paddie,90,3300
697,Robbie,120,3000
696,Erhard,75,3300
695,Justino,220,1800
694,Terrie,75,4200
693,Baxy,120,2000
692,Zorina,75,1800
691,Krishna,325,5000
690,Krystyna,60,5000
689,Terrence,75,4200
688,Xenos,88,3700
687,Devondra,75,1000
686,Rosalyn,325,3700
685,Yul,60,3000
684,Sly,60,4200
683,Jaquenette60,60,2500
682,Tally,75,4200
681,Burgess,120,1200
680,Flore,75,3000
679,Tomi,60,5000
678,Nilson,88,1000
677,Galen,60,5000
676,Nani,220,5000
675,Immanuel,75,3300
674,Lamont,220,3300
673,Lambert,325,4200
672,Sheila-kat90,90,1000
671,Jacqueline90,90,5000
670,Arlette,220,3000
669,Beverlee,60,2500
668,Katina,180,2000
667,Kennan,120,1200
666,Caritta,88,1200
665,Wheeler,60,2500
664,Natassia,325,4200
663,Millie,90,1500
662,Byrom,180,4200
661,Shermie,120,1200
660,Cindi,325,1200
659,Willdon,220,1000
658,Dorrie,120,4200
657,Boothe,75,1200
656,Filmer,90,5000
655,Maddy,88,2500
654,Damara,180,1200
653,Harmonia,75,1200
652,Cesaro,325,3000
651,Thorndike,220,1000
650,Hugo,60,3000
649,Ruthy,180,2000
648,Ethan,90,1200
647,Felike,220,1200
646,Arlie,88,4200
645,Sarajane,60,1000
644,Malachi,60,2500
643,Neron,180,4200
642,Elinor,60,3300
641,Maia,220,1000
640,Wolfy,120,3300
639,Marylee,60,5000
638,Merissa,60,2500
637,Rosalia,60,1800
636,Abigail,90,1800
635,Sherwin,180,1000
634,Viva,88,2500
633,Shandra,120,5000
632,Josepha,88,2000
631,Ivonne,90,2000
630,Lyndy,180,3700
629,Mace,88,1800
628,Maddy,60,2500
627,Nicola,75,1200
626,Menard,88,3700
625,Tonya,180,3700
624,Giraud,90,1500
623,Dorotea,88,1000
622,Hestia,180,1800
621,Odessa,120,5000
620,Lissy,60,3700
619,Lyndsay,180,4200
618,Orson,180,2500
617,Kirk,180,3000
616,Hetti,75,3000
615,Idalina,120,5000
614,Fredia,60,2000
613,Evin,325,1200
612,Fidole,75,3000
611,Pearla,220,2000
610,Sayre,90,3300
609,Bernita,325,1500
608,Joshia,220,2500
607,Lydia,325,1500
606,Dedie,88,3300
605,Minda,90,1500
604,Arvin,220,5000
603,Cahra,325,5000
602,Brian,180,2000
601,Emmalee,90,1800
600,Cornall,75,1800
599,Howard,88,1800
598,Eachelle,180,3700
597,Isabelle,60,2000
596,Dylan,120,3000
595,Gray,120,4200
594,Cyndia,88,3300
593,Vic,220,2500
592,Corabelle,220,3700
591,Emlyn,325,5000
590,Trumaine,325,1500
589,Hesther,180,3300
588,Lynnette,220,3700
587,Hayes,220,1000
586,Umeko,220,3000
585,Horatius,180,1800
584,Basil,120,1200
583,Annabell,180,1500
582,Grier,88,4200
581,Tiphani,220,3300
580,Delaney,88,5000
579,Shel,120,2500
578,Scarlett,325,2000
577,Adrianne,220,1000
576,Corrina,75,1500
575,Florida,180,3700
574,Phillipe,88,3700
573,Sutherlan,75,1000
572,Antonella,90,1500
571,Carma,220,3300
570,Retha,220,1500
569,Carter,88,3300
568,Modesta,120,3300
567,Dur,220,2500
566,Lemmie,325,1800
565,Rutherford90,90,1500
564,Briney,88,1200
563,Keith,120,1000
562,Erica,120,1000
561,Sasha,88,1500
560,Hesther,88,1500
559,Jessamine,325,1800
558,Caren,90,1500
557,Babbie,75,1500
556,Aeriela,120,3700
555,Clarice,180,3300
554,Lucais,90,4200
553,Lynett,120,3700
552,Delmore,180,3300
551,Gauthier,88,1200
550,Mathe,180,1200
549,Josiah,120,1200
548,Mab,120,2500
547,Marj,120,1800
546,Henrie,75,5000
545,Domini,88,1800
544,Prisca,180,1800
543,Margeaux,220,1800
542,Gene,90,1500
541,Deny,180,1800
540,Saunders,325,2500
539,Christie,88,1800
538,Caren,75,1200
537,Ced,90,2000
536,Delmar,325,4200
535,Frans,88,3300
534,Bunnie,120,3300
533,Dennison,325,2500
532,Nathalie,120,3700
531,Maxi,75,3700
530,Mort,90,4200
529,Daveta,180,2000
528,Helen-eliz220,220,2000
527,Eveline,325,3700
526,Homer,325,1000
525,Edan,88,2000
524,Janey,120,4200
523,Eddy,88,1200
522,Charles,180,4200
521,Sheridan,120,5000
520,Coop,90,3700
519,Ethe,325,2000
518,Erda,325,3700
517,Danya,180,2500
516,Pernell,325,5000
515,Torrey,325,4200
514,Vincents,90,2500
513,Lorna,325,4200
512,Bird,75,1800
511,Markos,60,2000
510,Irena,180,2000
509,Cornie,180,4200
508,Lin,120,1200
507,Patrice,220,3700
506,Lothaire,60,2000
505,Martguerit90,90,5000
504,Karie,75,2500
503,Patton,60,1500
502,Callie,220,5000
501,Gabi,220,3000
500,Warren,220,2500
499,Bibbie,60,3700
498,Gretchen,180,1200
497,Fredia,220,3000
496,Conrado,220,5000
495,Willey,220,1500
494,Mirilla,180,3000
493,Joshia,75,3300
492,Minny,90,3300
491,Skipton,75,1000
490,Tamarah,88,5000
489,Dorothea,75,1500
488,Hedvige,220,3700
487,Rorie,220,2500
486,Bartholome120,120,3300
485,Melisse,220,1000
484,Kym,120,2000
483,Micheil,220,3700
482,Tori,120,4200
481,Lionello,60,3700
480,Marissa,90,3700
479,Benita,90,2500
478,Brooke,88,2000
477,Mariele,60,3300
476,Abigael,90,1200
475,Coletta,90,5000
474,Salomi,60,1000
473,Erek,180,1000
472,Saidee,325,5000
471,Ramsay,90,2000
470,Rod,75,5000
469,Chrisy,60,1500
468,Kendell,90,2500
467,Svend,60,2500
466,Carlye,120,3700
465,Carley,120,1200
464,Liana,90,1500
463,Shea,120,1200
462,Marsiella,120,2000
461,Anthia,60,3700
460,Mac,325,2000
459,Karen,60,2000
458,Kassi,325,3700
457,Arnaldo,180,1000
456,Leeanne,75,1000
455,Hilly,325,3000
454,Korella,325,3300
453,Portie,220,1500
452,Samara,88,5000
451,Margalit,75,1500
450,Alexandr,220,1800
449,Julietta,220,4200
448,Lenora,60,1800
447,Guy,180,4200
446,Rina,325,2000
445,Ozzie,120,2000
444,Chrissy,180,1800
443,Davon,220,2000
442,Tam,220,2000
441,Regine,180,1000
440,Garold,60,2000
439,Leelah,325,2500
438,Gardie,90,1200
437,Any,60,1800
436,Felicdad,120,1800
435,Wesley,60,1000
434,Brietta,75,4200
433,Emmit,180,1200
432,Wade,325,1200
431,Smitty,220,1500
430,Pincus,88,4200
429,Coleman,90,2500
428,Kelly,325,3700
427,Carine,180,3300
426,Minnnie,180,2000
425,Jordan,90,3300
424,Chuck,325,3300
423,Keelby,325,1500
422,Jennifer,220,1500
421,Neila,120,1500
420,Lothaire,180,1200
419,Ed,180,1800
418,Addia,75,2000
417,Sibley,60,2000
416,Dennie,75,4200
415,Skylar,325,2000
414,Morie,180,1200
413,Clair,75,4200
412,Babita,90,3000
411,Frayda,60,3000
410,Fidelia,60,1200
409,Sileas,120,2000
408,Benson,120,2000
407,Mikael,220,5000
406,Fredric,325,5000
405,Amerigo,88,3300
404,Willa,325,3000
403,Bar,88,2000
402,Rachel,325,1200
401,Vail,120,3300
400,Prince,60,2500
399,Esdras,120,3700
398,Easter,88,3000
397,Charil,88,3300
396,Iorgos,90,1800
395,Livy,60,2000
394,Gaelan,90,2500
393,Barret,60,1000
392,Vikki,88,3300
391,Sherwin,88,5000
390,Ag,88,5000
389,Anna-maria120,120,4200
388,Shauna,120,2500
387,Juliann,90,5000
386,Demeter,88,1000
385,Gayel,90,2000
384,Nonnah,120,2500
383,George,325,1500
382,Alister,90,3300
381,Silas,90,1500
380,Fran,220,3000
379,Crawford,180,1200
378,Brigg,220,1000
377,Hussein,325,2500
376,Vikky,90,1500
375,Nanni,180,2500
374,Dalis,60,4200
373,Veronica,75,4200
372,Andy,75,3700
371,Franni,325,4200
370,Ingrim,120,3000
369,Deni,60,4200
368,Clywd,220,3300
367,Maryellen,120,3700
366,Klarrisa,180,1800
365,Neely,120,2000
364,Junie,90,2000
363,Neilla,180,5000
362,Buddy,120,5000
361,Sinclair,60,5000
360,Honor,120,3000
359,Tully,88,1800
358,Ula,75,5000
357,Nisse,220,3700
356,Isabelle,120,2000
355,Wilfred,180,2000
354,Kurtis,88,5000
353,Carita,180,4200
352,Marieann,325,5000
351,Heddi,325,2000
350,Maiga,120,2000
349,Cassie,88,5000
348,Jefferey,220,3300
347,Tarra,75,1200
346,Janeta,120,1000
345,Aldric,220,5000
344,Genevra,90,1000
343,Johannes,88,1800
342,Floria,60,1200
341,Rafaello,180,3700
340,Melloney,325,3300
339,Nona,75,3000
338,Filbert,325,2000
337,Lira,60,3000
336,Dominique,220,3700
335,Rand,88,2000
334,Isak,220,2000
333,Cornie,75,1500
332,Eden,75,1800
331,Booth,88,1500
330,Rosemarie,220,3300
329,Urbano,60,5000
328,Matias,60,3300
327,Nerty,220,2000
326,Lina,120,1200
325,Maynord,220,4200
324,Ad,90,3300
323,Hilary,90,3700
322,Richard,90,4200
321,Wilona,90,2500
320,Donaugh,120,1200
319,Fan,90,1800
318,Urban,88,1000
317,Web,90,3700
316,Angelika,220,5000
315,Timothea,220,2000
314,Charisse,180,5000
313,Franchot,220,1200
312,Lenci,90,4200
311,Tabor,120,3700
310,Brnaba,90,3700
309,Ernestus,60,1200
308,Davide,325,4200
307,Renie,90,3300
306,Silvan,75,1200
305,Jacinda,60,5000
304,Coleman,220,3300
303,Charin,180,1200
302,Ron,120,2000
301,Cos,75,3000
300,Zabrina,88,1200
299,Jody,180,3300
298,Sayre,90,1800
297,Ddene,220,1200
296,Leigh,90,3700
295,Catriona,60,4200
294,Cleo,120,5000
293,Russell,220,5000
292,Christiano60,60,5000
291,Chalmers,220,1000
290,Gordon,60,2500
289,Dulcea,75,2500
288,Dudley,90,4200
287,Ofelia,120,3000
286,Jodi,90,3000
285,Bartel,60,3700
284,Sidonia,60,1000
283,Osbert,325,1500
282,Edie,325,2500
281,Rafaellle,180,5000
280,Koenraad,180,2000
279,Alberik,88,5000
278,Emory,220,1500
277,Kiel,75,5000
276,Dru,75,5000
275,Charmian,60,1500
274,Dyann,75,5000
273,Bond,180,1000
272,Duncan,60,3700
271,Larina,60,1800
270,Edlin,88,2000
269,Shirl,75,2000
268,Channa,325,5000
267,Abbie,75,2500
266,Arel,88,3000
265,Blair,180,5000
264,Stephen,120,3700
263,Orelee,90,2000
262,Melisa,88,1200
261,Josiah,88,1000
260,Tadd,60,5000
259,Merrile,180,5000
258,Sydelle,220,3000
257,Jori,180,1200
256,Gusty,120,1000
255,Yuri,75,2500
254,Morris,88,1000
253,Norene,220,2500
252,Karlotte,88,2000
251,Jenna,180,3000
250,Tiphani,88,4200
249,Jessee,90,3000
248,Maynard,120,1800
247,Dotty,180,4200
246,Adam,220,2000
245,Donal,75,1800
244,Cal,120,4200
243,Brigham,180,2500
242,Broddie,90,4200
241,Alexandra,75,4200
240,Billie,75,3700
239,Chet,325,4200
238,Leeanne,120,1500
237,Cathleen,180,1000
236,Anastasia,180,1800
235,Hiram,88,2000
234,Pietro,75,1800
233,Peter,120,1200
232,Alla,88,3000
231,Marmaduke,220,1000
230,Liana,60,3300
229,Tabina,60,1000
228,Jeniece,180,1500
227,Adel,180,3000
226,Trula,88,3000
225,Adriano,220,3300
224,Zonda,325,3300
223,Enrico,325,5000
222,Marina,120,1200
221,Aylmer,325,3300
220,Mozes,220,2500
219,Kaile,325,3300
218,Romola,88,5000
217,Dwight,220,4200
216,Nikoletta,120,1200
215,Nita,60,1200
214,Nicolina,90,3000
213,Darwin,220,1800
212,Thomasina,60,4200
211,Marcile,120,3000
210,Sayres,88,1000
209,Asia,325,3700
208,Weider,88,5000
207,Maddie,60,3300
206,Borden,88,1200
205,Mallorie,88,3000
204,Jillana,180,1800
203,Cissiee,180,1800
202,Yorke,88,1500
201,Odey,60,2000
200,Alana,220,3000
199,Eliot,60,1200
198,Eleonora,120,4200
197,Alasteir,120,2000
196,Otho,90,2000
195,Roderigo,88,2000
194,Philipa,325,4200
193,Zolly,88,2500
192,Farand,88,4200
191,Bethina,75,1500
190,Waldon,90,3000
189,Maible,75,1800
188,Scarface,220,5000
187,Sebastien,75,3700
186,Ian,75,4200
185,Marcellus,180,3000
184,Eric,60,5000
183,Ruthe,325,3000
182,Loutitia,88,2500
181,Guillaume,60,3700
180,Nial,325,1500
179,Lynea,90,2000
178,Mellicent,75,5000
177,Robbi,75,1000
176,Wanids,325,3000
175,Lorant,88,5000
174,Prentiss,60,3000
173,Brandon,90,1800
172,Addy,325,3300
171,Clair,180,3700
170,Devi,60,2500
169,Farley,325,1200
168,Lodovico,60,1800
167,Didi,60,1500
166,Darleen,220,4200
165,Sib,60,3300
164,Cathrin,120,3000
163,Pascale,220,1500
162,Ofella,90,5000
161,Ferdie,120,1500
160,Leonie,325,5000
159,Kipp,90,1500
158,Clarie,60,4200
157,Maryjo,60,1200
156,Tanny,325,4200
155,Osbert,120,4200
154,Bertine,60,2500
153,Byram,90,4200
152,Babbie,120,1500
151,Meryl,220,1200
150,Dot,180,1800
149,Lena,325,2500
148,Benton,180,1200
147,Gustie,180,4200
146,Armand,60,1500
145,Dianna,90,2000
144,Flora,90,3300
143,Jenna,60,2500
142,Tanya,88,3000
141,Coreen,60,1800
140,Corbin,120,4200
139,Yankee,88,4200
138,Brynn,75,5000
137,Johnette,220,1000
136,Gideon,180,1500
135,Dunstan,325,2000
134,Stephenie,220,5000
133,Cordy,120,1800
132,Dante,60,3000
131,Tom,75,3300
130,Omero,75,1000
129,Vina,88,4200
128,Zacharie,75,3000
127,Cindelyn,60,1200
126,Fonzie,325,1500
125,Esteban,88,1500
124,Pen,60,1800
123,Pippa,325,2000
122,Linda,88,3000
121,Patrizio,60,1500
120,Lorettalor220,220,2500
119,Glenda,220,3700
118,Stu,60,1200
117,Cherrita,180,3300
116,Tracey,75,2000
115,Harmon,220,5000
114,Freddie,180,1200
113,Johnathon,90,1500
112,Tersina,75,3000
111,Petey,120,1500
110,Dominick,75,3000
109,Trixie,325,4200
108,Carlie,220,1000
107,Gaven,180,1000
106,Nance,75,1000
105,Kilian,120,4200
104,Geneva,90,3300
103,Desiri,120,2500
102,Ertha,88,1000
101,Marcille,88,1000
100,Georgeta,88,1000
99,Aleda,90,5000
98,Jacquelin,120,3000
97,Marcellus,88,5000
96,Martino,75,1500
95,Kyrstin,90,3700
94,My,90,1800
93,Nicky,180,4200
92,Lonni,220,5000
91,Sully,60,1500
90,Margaretha75,75,1000
89,Guenevere,90,3000
88,George,60,3000
87,Joelle,90,3700
86,Angie,90,2000
85,Trenton,88,1200
84,Tatiania,120,2000
83,Lesya,90,1500
82,Kendre,180,2500
81,Kylila,325,1200
80,Jesselyn,180,3000
79,Roland,180,2500
78,Morse,180,2500
77,Sacha,90,2500
76,Nananne,120,3300
75,Solomon,90,1000
74,Cristie,90,2500
73,Cristi,88,4200
72,Katrine,90,2500
71,Shaughn,90,1500
70,Sayre,180,3300
69,Paulita,120,5000
68,Cristobal,120,1500
67,Blanch,75,1500
66,Dominica,120,3300
65,Star,90,3300
64,Gabbey,120,3700
63,Loy,120,1500
62,Marysa,75,2000
61,Deeyn,88,2000
60,Kori,90,5000
59,Celene,120,5000
58,Lianna,220,1200
57,Homer,180,1800
56,Bernardine75,75,3300
55,Corina,220,3700
54,Julina,120,3300
53,Hyacinthie75,75,1500
52,Carline,220,1200
51,Marion,88,5000
50,Carroll,220,4200
49,Dagmar,88,2500
48,Noella,120,1500
47,Raine,180,3000
46,Lonnard,75,5000
45,Nikoletta,120,5000
44,Margarete,120,5000
43,Bradney,88,2500
42,Ame,88,5000
41,Brnaba,180,3000
40,Sydney,75,1000
39,Alfredo,88,1000
38,Roda,90,2500
37,Stefa,88,4200
36,Cristie,180,1000
35,Jehanna,220,5000
34,Redd,88,4200
33,Earle,90,1000
32,Katey,180,4200
31,Franny,325,1500
30,Toby,180,1500
29,Gaye,120,3700
28,Doro,120,3300
27,Anthea,90,4200
26,Karim,75,2500
25,Braden,180,2500
24,Reagen,90,4200
23,Johnny,325,3300
22,Eugene,88,5000
21,Bobbye,180,1500
20,Bellanca,88,1500
19,Park,120,3000
18,Cirillo,88,5000
17,Ernesta,60,3700
16,Iver,90,1200
15,Megen,180,1000
14,Bronnie,60,2000
13,Shel,120,5000
12,Cordelie,325,5000
11,Brandea,180,1500
10,Aggie,75,1500
9,Jeanine,325,1800
8,Henrieta,90,3000
7,Kimberlee,60,3300
6,Gayle,120,3000
5,Sheelagh,220,1800
4,Kimbell,120,5000
3,Brade,325,2000
2,Ulrike,180,2500
1,Lou,120,1000
